timestamp,domain
2025-05-26T09:10:29.834729,ftp.testsite.net
2025-05-26T09:10:34.834729,ns1.yrcuauhd1zs3aq9bi02tal06qdxreu8xq720jt.io
2025-05-26T09:10:39.834729,mail.mybank.org
2025-05-26T09:10:44.834729,mail.testsite.org
2025-05-26T09:10:49.834729,cdn.suspicious123.org
2025-05-26T09:10:54.834729,cdn.loginverify.org
2025-05-26T09:10:59.834729,mail.testsite.xyz
2025-05-26T09:11:04.834729,mail.testsite.io
2025-05-26T09:11:09.834729,ns1.securedata.com
2025-05-26T09:11:14.834729,ftp.suspicious123.xyz
2025-05-26T09:11:19.834729,cdn.mybank.xyz
2025-05-26T09:11:24.834729,auth.suspicious123.org
2025-05-26T09:11:29.834729,www.mybank.io
2025-05-26T09:11:34.834729,mail.example.ru
2025-05-26T09:11:39.834729,www.suspicious123.io
2025-05-26T09:11:44.834729,auth.example.org
2025-05-26T09:11:49.834729,ns1.fojdugknp5eceu6m6djy6k291s3n1tw2mem.xyz
2025-05-26T09:11:54.834729,mail.suspicious123.com
2025-05-26T09:11:59.834729,mail.9bc3zcao64zzpn5mornj.com
2025-05-26T09:12:04.834729,cdn.securedata.org
2025-05-26T09:12:09.834729,auth.suspicious123.ru
2025-05-26T09:12:14.834729,cdn.mybank.net
2025-05-26T09:12:19.834729,mail.testsite.com
2025-05-26T09:12:24.834729,ftp.securedata.org
2025-05-26T09:12:29.834729,auth.pz6qk2ev3w8sykpqrtunbujzkg3tga17frxsikaw.xyz
2025-05-26T09:12:34.834729,cdn.example.io
2025-05-26T09:12:39.834729,auth.mybank.net
2025-05-26T09:12:44.834729,auth.mybank.ru
2025-05-26T09:12:49.834729,ftp.qm48ehyswuxj0fhkck8a3om8uha.net
2025-05-26T09:12:54.834729,ftp.mybank.xyz
2025-05-26T09:12:59.834729,mail.suspicious123.ru
2025-05-26T09:13:04.834729,ftp.testsite.xyz
2025-05-26T09:13:09.834729,mail.testsite.xyz
2025-05-26T09:13:14.834729,cdn.d2a1dao8pxvdllrw709sl9yziamy8klwqw0s.ru
2025-05-26T09:13:19.834729,mail.securedata.net
2025-05-26T09:13:24.834729,cdn.suspicious123.org
2025-05-26T09:13:29.834729,ns1.mybank.net
2025-05-26T09:13:34.834729,mail.suspicious123.io
2025-05-26T09:13:39.834729,auth.2bz1g1uthdrwqny8x7h4w0s15.net
2025-05-26T09:13:44.834729,mail.loginverify.org
2025-05-26T09:13:49.834729,www.testsite.com
2025-05-26T09:13:54.834729,ns1.testsite.org
2025-05-26T09:13:59.834729,cdn.mybank.ru
2025-05-26T09:14:04.834729,cdn.mybank.ru
2025-05-26T09:14:09.834729,www.securedata.org
2025-05-26T09:14:14.834729,mail.suspicious123.org
2025-05-26T09:14:19.834729,mail.qus2rptpx7lge4bab2y29953xx3.ru
2025-05-26T09:14:24.834729,auth.securedata.com
2025-05-26T09:14:29.834729,cdn.mybank.io
2025-05-26T09:14:34.834729,www.securedata.io
2025-05-26T09:14:39.834729,ftp.securedata.ru
2025-05-26T09:14:44.834729,cdn.suspicious123.xyz
2025-05-26T09:14:49.834729,cdn.testsite.io
2025-05-26T09:14:54.834729,mail.testsite.xyz
2025-05-26T09:14:59.834729,mail.example.org
2025-05-26T09:15:04.834729,cdn.mybank.xyz
2025-05-26T09:15:09.834729,cdn.securedata.io
2025-05-26T09:15:14.834729,ns1.testsite.xyz
2025-05-26T09:15:19.834729,mail.mybank.ru
2025-05-26T09:15:24.834729,www.securedata.com
2025-05-26T09:15:29.834729,mail.example.ru
2025-05-26T09:15:34.834729,ns1.testsite.org
2025-05-26T09:15:39.834729,cdn.suspicious123.org
2025-05-26T09:15:44.834729,auth.example.net
2025-05-26T09:15:49.834729,cdn.mybank.ru
2025-05-26T09:15:54.834729,ns1.suspicious123.ru
2025-05-26T09:15:59.834729,www.mybank.com
2025-05-26T09:16:04.834729,ns1.example.ru
2025-05-26T09:16:09.834729,mail.loginverify.com
2025-05-26T09:16:14.834729,cdn.securedata.xyz
2025-05-26T09:16:19.834729,cdn.example.net
2025-05-26T09:16:24.834729,ns1.testsite.ru
2025-05-26T09:16:29.834729,ns1.securedata.xyz
2025-05-26T09:16:34.834729,ns1.mybank.net
2025-05-26T09:16:39.834729,ns1.example.xyz
2025-05-26T09:16:44.834729,mail.ytiadg3wh7oe2zbn1ifzn0a28tf51ahmy.net
2025-05-26T09:16:49.834729,cdn.securedata.com
2025-05-26T09:16:54.834729,ftp.loginverify.ru
2025-05-26T09:16:59.834729,www.wp58v1rlnbssmqv4diz50l5c0b1hd0uofso.xyz
2025-05-26T09:17:04.834729,mail.example.com
2025-05-26T09:17:09.834729,ftp.lzca0flweeix4gg8g6rpr6lcnpdhe4.xyz
2025-05-26T09:17:14.834729,ftp.testsite.org
2025-05-26T09:17:19.834729,www.securedata.ru
2025-05-26T09:17:24.834729,www.testsite.org
2025-05-26T09:17:29.834729,cdn.testsite.net
2025-05-26T09:17:34.834729,www.suspicious123.io
2025-05-26T09:17:39.834729,cdn.securedata.io
2025-05-26T09:17:44.834729,ns1.testsite.com
2025-05-26T09:17:49.834729,ns1.example.org
2025-05-26T09:17:54.834729,www.suspicious123.ru
2025-05-26T09:17:59.834729,cdn.example.ru
2025-05-26T09:18:04.834729,mail.loginverify.net
2025-05-26T09:18:09.834729,mail.example.ru
2025-05-26T09:18:14.834729,ftp.securedata.io
2025-05-26T09:18:19.834729,www.loginverify.org
2025-05-26T09:18:24.834729,cdn.testsite.org
2025-05-26T09:18:29.834729,www.mybank.io
2025-05-26T09:18:34.834729,auth.example.ru
2025-05-26T09:18:39.834729,auth.mybank.com
2025-05-26T09:18:44.834729,mail.loginverify.io
2025-05-26T09:18:49.834729,ns1.lomfxuwu765q3fh5asx9iqhch.io
2025-05-26T09:18:54.834729,www.suspicious123.ru
2025-05-26T09:18:59.834729,www.example.org
2025-05-26T09:19:04.834729,ns1.securedata.net
2025-05-26T09:19:09.834729,ftp.loginverify.net
2025-05-26T09:19:14.834729,cdn.testsite.com
2025-05-26T09:19:19.834729,www.suspicious123.org
2025-05-26T09:19:24.834729,www.2i0uxka1w2265t7b9esb8rr3ete6c.ru
2025-05-26T09:19:29.834729,auth.mybank.ru
2025-05-26T09:19:34.834729,ftp.testsite.com
2025-05-26T09:19:39.834729,auth.y39ilcnq369r270p5pxff.ru
2025-05-26T09:19:44.834729,auth.securedata.net
2025-05-26T09:19:49.834729,www.t26h8g9wqnlyi0hq478t3d2wc5gm1pp3ajni37.org
2025-05-26T09:19:54.834729,mail.loginverify.com
2025-05-26T09:19:59.834729,cdn.securedata.net
2025-05-26T09:20:04.834729,www.szz0hrj81mk9z0kobvwaezej5jti47bxx1mv.com
2025-05-26T09:20:09.834729,www.mybank.xyz
2025-05-26T09:20:14.834729,ns1.securedata.net
2025-05-26T09:20:19.834729,auth.securedata.ru
2025-05-26T09:20:24.834729,ftp.securedata.ru
2025-05-26T09:20:29.834729,cdn.knam87foa3ax7uqkwc3ur1.ru
2025-05-26T09:20:34.834729,mail.testsite.org
2025-05-26T09:20:39.834729,ftp.testsite.net
2025-05-26T09:20:44.834729,auth.mybank.com
2025-05-26T09:20:49.834729,cdn.suspicious123.net
2025-05-26T09:20:54.834729,auth.testsite.io
2025-05-26T09:20:59.834729,ftp.loginverify.ru
2025-05-26T09:21:04.834729,ns1.suspicious123.xyz
2025-05-26T09:21:09.834729,ftp.loginverify.org
2025-05-26T09:21:14.834729,www.securedata.io
2025-05-26T09:21:19.834729,ns1.ghku88rnjoapkxyx4stf787x.ru
2025-05-26T09:21:24.834729,cdn.testsite.xyz
2025-05-26T09:21:29.834729,www.testsite.com
2025-05-26T09:21:34.834729,ftp.mybank.ru
2025-05-26T09:21:39.834729,cdn.mybank.xyz
2025-05-26T09:21:44.834729,cdn.example.io
2025-05-26T09:21:49.834729,mail.securedata.xyz
2025-05-26T09:21:54.834729,mail.testsite.org
2025-05-26T09:21:59.834729,ftp.mybank.xyz
2025-05-26T09:22:04.834729,www.securedata.net
2025-05-26T09:22:09.834729,ftp.lqsf4uedlzwq4g35iw4qx.org
2025-05-26T09:22:14.834729,cdn.loginverify.org
2025-05-26T09:22:19.834729,mail.securedata.com
2025-05-26T09:22:24.834729,auth.testsite.com
2025-05-26T09:22:29.834729,www.suspicious123.io
2025-05-26T09:22:34.834729,mail.grzgld1fipypl32frndsmmiyrsbbvrxox9.io
2025-05-26T09:22:39.834729,cdn.suspicious123.ru
2025-05-26T09:22:44.834729,ns1.suspicious123.org
2025-05-26T09:22:49.834729,www.loginverify.io
2025-05-26T09:22:54.834729,auth.suspicious123.com
2025-05-26T09:22:59.834729,www.mybank.ru
2025-05-26T09:23:04.834729,auth.securedata.io
2025-05-26T09:23:09.834729,ftp.mybank.org
2025-05-26T09:23:14.834729,www.example.io
2025-05-26T09:23:19.834729,ftp.testsite.org
2025-05-26T09:23:24.834729,cdn.testsite.org
2025-05-26T09:23:29.834729,ftp.mybank.ru
2025-05-26T09:23:34.834729,ns1.suspicious123.com
2025-05-26T09:23:39.834729,ns1.mybank.io
2025-05-26T09:23:44.834729,cdn.securedata.io
2025-05-26T09:23:49.834729,www.mybank.io
2025-05-26T09:23:54.834729,www.securedata.com
2025-05-26T09:23:59.834729,ns1.mybank.io
2025-05-26T09:24:04.834729,ftp.gmqm0mjivweazqn6x6ehny5cmluqmj0.io
2025-05-26T09:24:09.834729,mail.njhssfduxy340fd8gyu01dpwzya4f0qr.xyz
2025-05-26T09:24:14.834729,auth.mybank.org
2025-05-26T09:24:19.834729,ns1.testsite.com
2025-05-26T09:24:24.834729,mail.securedata.net
2025-05-26T09:24:29.834729,ns1.securedata.net
2025-05-26T09:24:34.834729,mail.n1ad16cv0l54gopqqnxmku1.com
2025-05-26T09:24:39.834729,ns1.mybank.xyz
2025-05-26T09:24:44.834729,ns1.mybank.com
2025-05-26T09:24:49.834729,ftp.suspicious123.io
2025-05-26T09:24:54.834729,auth.example.xyz
2025-05-26T09:24:59.834729,auth.example.io
2025-05-26T09:25:04.834729,ns1.suspicious123.com
2025-05-26T09:25:09.834729,cdn.example.ru
2025-05-26T09:25:14.834729,auth.suspicious123.org
2025-05-26T09:25:19.834729,ns1.mybank.xyz
2025-05-26T09:25:24.834729,www.example.ru
2025-05-26T09:25:29.834729,mail.mybank.org
2025-05-26T09:25:34.834729,ns1.securedata.io
2025-05-26T09:25:39.834729,auth.suspicious123.ru
2025-05-26T09:25:44.834729,ns1.suspicious123.io
2025-05-26T09:25:49.834729,mail.mybank.com
2025-05-26T09:25:54.834729,www.mybank.com
2025-05-26T09:25:59.834729,ftp.v58i9dpyrz8tm3apwrybhl3swcia1aetav8js1.xyz
2025-05-26T09:26:04.834729,ns1.loginverify.org
2025-05-26T09:26:09.834729,auth.testsite.com
2025-05-26T09:26:14.834729,ftp.suspicious123.xyz
2025-05-26T09:26:19.834729,auth.mybank.org
2025-05-26T09:26:24.834729,mail.testsite.ru
2025-05-26T09:26:29.834729,auth.loginverify.io
2025-05-26T09:26:34.834729,auth.suspicious123.io
2025-05-26T09:26:39.834729,mail.example.org
2025-05-26T09:26:44.834729,ftp.loginverify.org
2025-05-26T09:26:49.834729,www.mybank.xyz
2025-05-26T09:26:54.834729,ftp.example.net
2025-05-26T09:26:59.834729,auth.example.org
2025-05-26T09:27:04.834729,auth.testsite.ru
2025-05-26T09:27:09.834729,ftp.mybank.net
2025-05-26T09:27:14.834729,www.pmvjg9flvw9l1as6papc61n0y7jlhs3.io
2025-05-26T09:27:19.834729,mail.example.net
2025-05-26T09:27:24.834729,mail.testsite.net
2025-05-26T09:27:29.834729,mail.61ndtbrmzgvi5ovtu50ek01lk6p5tm8vg.com
2025-05-26T09:27:34.834729,ns1.securedata.xyz
2025-05-26T09:27:39.834729,ftp.testsite.org
2025-05-26T09:27:44.834729,cdn.5yo6im42he8q4nbl5fp2io2kz3o75kwhaa44p.com
2025-05-26T09:27:49.834729,auth.mybank.net
2025-05-26T09:27:54.834729,auth.suspicious123.ru
2025-05-26T09:27:59.834729,cdn.0agmyime7rbu1ptcsves81vtoz.com
2025-05-26T09:28:04.834729,mail.example.org
2025-05-26T09:28:09.834729,ns1.mybank.net
2025-05-26T09:28:14.834729,www.v440hkmgj1y2kpu9s3jzj1q1q.xyz
2025-05-26T09:28:19.834729,cdn.testsite.io
2025-05-26T09:28:24.834729,www.mybank.io
2025-05-26T09:28:29.834729,ftp.securedata.com
2025-05-26T09:28:34.834729,ftp.example.io
2025-05-26T09:28:39.834729,auth.testsite.net
2025-05-26T09:28:44.834729,cdn.suspicious123.io
2025-05-26T09:28:49.834729,www.suspicious123.io
2025-05-26T09:28:54.834729,auth.mybank.net
2025-05-26T09:28:59.834729,mail.unlwhnd91veix618vs2r8onaci56.net
2025-05-26T09:29:04.834729,auth.example.xyz
2025-05-26T09:29:09.834729,ftp.mybank.xyz
2025-05-26T09:29:14.834729,mail.loginverify.xyz
2025-05-26T09:29:19.834729,ns1.loginverify.io
2025-05-26T09:29:24.834729,cdn.testsite.ru
2025-05-26T09:29:29.834729,auth.wgnpd9w9i8tazdetsnq276towmup.xyz
2025-05-26T09:29:34.834729,auth.example.net
2025-05-26T09:29:39.834729,mail.example.com
2025-05-26T09:29:44.834729,mail.mybank.xyz
2025-05-26T09:29:49.834729,mail.example.ru
2025-05-26T09:29:54.834729,mail.dou472urbsisw12zut9gddm1g0fxnw0kp.net
2025-05-26T09:29:59.834729,auth.testsite.net
2025-05-26T09:30:04.834729,www.testsite.org
2025-05-26T09:30:09.834729,ftp.mybank.io
2025-05-26T09:30:14.834729,www.testsite.com
2025-05-26T09:30:19.834729,mail.securedata.org
2025-05-26T09:30:24.834729,auth.loginverify.xyz
2025-05-26T09:30:29.834729,ftp.testsite.io
2025-05-26T09:30:34.834729,cdn.testsite.xyz
2025-05-26T09:30:39.834729,mail.testsite.io
2025-05-26T09:30:44.834729,ns1.suspicious123.net
2025-05-26T09:30:49.834729,auth.9grje74uer7dan2g0gh8mxh1ty.com
2025-05-26T09:30:54.834729,ftp.suspicious123.net
2025-05-26T09:30:59.834729,www.testsite.com
2025-05-26T09:31:04.834729,www.suspicious123.xyz
2025-05-26T09:31:09.834729,cdn.suspicious123.xyz
2025-05-26T09:31:14.834729,mail.mybank.io
2025-05-26T09:31:19.834729,mail.loginverify.net
2025-05-26T09:31:24.834729,ftp.suspicious123.com
2025-05-26T09:31:29.834729,www.gohee9iygfztdxadu9qssr0os4rx9ldw4.xyz
2025-05-26T09:31:34.834729,auth.bpccqgc2mtnln9l20tz2h8ydeb.io
2025-05-26T09:31:39.834729,auth.testsite.com
2025-05-26T09:31:44.834729,ftp.securedata.xyz
2025-05-26T09:31:49.834729,auth.testsite.xyz
2025-05-26T09:31:54.834729,auth.example.com
2025-05-26T09:31:59.834729,ftp.loginverify.com
2025-05-26T09:32:04.834729,cdn.87z4ml2u6chr4rcu70jbed.xyz
2025-05-26T09:32:09.834729,mail.testsite.org
2025-05-26T09:32:14.834729,mail.loginverify.com
2025-05-26T09:32:19.834729,ftp.testsite.io
2025-05-26T09:32:24.834729,ns1.loginverify.com
2025-05-26T09:32:29.834729,ns1.r5mnlipgkbi3r8e275nkky0l0.net
2025-05-26T09:32:34.834729,ns1.example.net
2025-05-26T09:32:39.834729,mail.suspicious123.org
2025-05-26T09:32:44.834729,cdn.loginverify.net
2025-05-26T09:32:49.834729,mail.example.io
2025-05-26T09:32:54.834729,www.testsite.net
2025-05-26T09:32:59.834729,ns1.securedata.io
2025-05-26T09:33:04.834729,ftp.kpgz9n7dpt9om3dwlsytoui78.com
2025-05-26T09:33:09.834729,mail.mybank.ru
2025-05-26T09:33:14.834729,ftp.loginverify.org
2025-05-26T09:33:19.834729,mail.securedata.org
2025-05-26T09:33:24.834729,ns1.example.org
2025-05-26T09:33:29.834729,mail.7dnw8bwopwg6oi82abqk.com
2025-05-26T09:33:34.834729,mail.example.xyz
2025-05-26T09:33:39.834729,ftp.testsite.org
2025-05-26T09:33:44.834729,ns1.3l82l371sebloaxtjxuda.org
2025-05-26T09:33:49.834729,ftp.3eacm5rlz9jhfzpchw01xckca7tskgn8lj1oc6e8.ru
2025-05-26T09:33:54.834729,www.mybank.xyz
2025-05-26T09:33:59.834729,mail.loginverify.ru
2025-05-26T09:34:04.834729,www.loginverify.org
2025-05-26T09:34:09.834729,cdn.loginverify.io
2025-05-26T09:34:14.834729,mail.example.org
2025-05-26T09:34:19.834729,ns1.lyistoloa3qdsusaz85apb8rdul9pu.ru
2025-05-26T09:34:24.834729,cdn.loginverify.net
2025-05-26T09:34:29.834729,mail.suspicious123.com
2025-05-26T09:34:34.834729,auth.example.io
2025-05-26T09:34:39.834729,auth.l5e7uwx10ybmnqrt70b8itqkr.xyz
2025-05-26T09:34:44.834729,www.mybank.ru
2025-05-26T09:34:49.834729,cdn.loginverify.io
2025-05-26T09:34:54.834729,www.mybank.net
2025-05-26T09:34:59.834729,ns1.testsite.ru
2025-05-26T09:35:04.834729,cdn.securedata.xyz
2025-05-26T09:35:09.834729,mail.zkur0t6j1jdb1hd2z8ylj3u4by9.com
2025-05-26T09:35:14.834729,auth.mybank.io
2025-05-26T09:35:19.834729,www.suspicious123.io
2025-05-26T09:35:24.834729,cdn.suspicious123.io
2025-05-26T09:35:29.834729,www.example.org
2025-05-26T09:35:34.834729,ftp.ookxllintkiyuc3350ct1gswuug6nkn61xtq.io
2025-05-26T09:35:39.834729,mail.4f8agk599ncuonq5i9sizrmd8ozdq7de.com
2025-05-26T09:35:44.834729,ns1.testsite.ru
2025-05-26T09:35:49.834729,www.testsite.io
2025-05-26T09:35:54.834729,ftp.testsite.io
2025-05-26T09:35:59.834729,cdn.securedata.io
2025-05-26T09:36:04.834729,ns1.example.org
2025-05-26T09:36:09.834729,www.suspicious123.net
2025-05-26T09:36:14.834729,auth.loginverify.org
2025-05-26T09:36:19.834729,mail.suspicious123.ru
2025-05-26T09:36:24.834729,auth.securedata.org
2025-05-26T09:36:29.834729,ns1.example.net
2025-05-26T09:36:34.834729,cdn.securedata.com
2025-05-26T09:36:39.834729,cdn.mybank.net
2025-05-26T09:36:44.834729,www.mybank.io
2025-05-26T09:36:49.834729,ns1.suspicious123.xyz
2025-05-26T09:36:54.834729,auth.loginverify.io
2025-05-26T09:36:59.834729,mail.testsite.xyz
2025-05-26T09:37:04.834729,mail.loginverify.io
2025-05-26T09:37:09.834729,ns1.mybank.net
2025-05-26T09:37:14.834729,cdn.securedata.xyz
2025-05-26T09:37:19.834729,mail.mybank.net
2025-05-26T09:37:24.834729,ftp.testsite.ru
2025-05-26T09:37:29.834729,cdn.suspicious123.net
2025-05-26T09:37:34.834729,www.uppiblsxjhf2q6lyhy20s0tjbj7ykjowjr5an5s7.io
2025-05-26T09:37:39.834729,ftp.suspicious123.io
2025-05-26T09:37:44.834729,ns1.testsite.com
2025-05-26T09:37:49.834729,mail.mybank.org
2025-05-26T09:37:54.834729,cdn.securedata.xyz
2025-05-26T09:37:59.834729,cdn.suspicious123.xyz
2025-05-26T09:38:04.834729,www.suspicious123.io
2025-05-26T09:38:09.834729,ns1.loginverify.org
2025-05-26T09:38:14.834729,ftp.mybank.net
2025-05-26T09:38:19.834729,cdn.mybank.ru
2025-05-26T09:38:24.834729,www.loginverify.com
2025-05-26T09:38:29.834729,auth.3bw4mb091pxfzcnd92xciv7fr41seoiuc.xyz
2025-05-26T09:38:34.834729,mail.mybank.io
2025-05-26T09:38:39.834729,ftp.mybank.net
2025-05-26T09:38:44.834729,ns1.loginverify.net
2025-05-26T09:38:49.834729,ftp.securedata.xyz
2025-05-26T09:38:54.834729,auth.mybank.com
2025-05-26T09:38:59.834729,auth.suspicious123.io
2025-05-26T09:39:04.834729,ftp.suspicious123.io
2025-05-26T09:39:09.834729,www.suspicious123.xyz
2025-05-26T09:39:14.834729,ns1.testsite.io
2025-05-26T09:39:19.834729,ftp.example.net
2025-05-26T09:39:24.834729,ns1.w1n2pmd44nbcywa045w6iw.com
2025-05-26T09:39:29.834729,www.example.com
2025-05-26T09:39:34.834729,ns1.mybank.org
2025-05-26T09:39:39.834729,ns1.example.ru
2025-05-26T09:39:44.834729,ns1.6rruhu2wryikqjag7c9lde49cp.io
2025-05-26T09:39:49.834729,mail.securedata.io
2025-05-26T09:39:54.834729,ftp.8lug39hzml9ftrxedk2ar6qg4hmx5j0.net
2025-05-26T09:39:59.834729,ns1.suspicious123.net
2025-05-26T09:40:04.834729,ftp.i5tf65qmep02gblgyqkk68zh3q.xyz
2025-05-26T09:40:09.834729,mail.testsite.net
2025-05-26T09:40:14.834729,cdn.suspicious123.xyz
2025-05-26T09:40:19.834729,ns1.oal0y2mvyuudl7v1elnz9myzusd03c021nv54y.xyz
2025-05-26T09:40:24.834729,ftp.securedata.ru
2025-05-26T09:40:29.834729,mail.179nl2pk7d5cgfhxbwioyzf4ed583.io
2025-05-26T09:40:34.834729,cdn.securedata.xyz
2025-05-26T09:40:39.834729,www.example.com
2025-05-26T09:40:44.834729,cdn.suspicious123.net
2025-05-26T09:40:49.834729,ftp.loginverify.com
2025-05-26T09:40:54.834729,www.testsite.org
2025-05-26T09:40:59.834729,cdn.example.xyz
2025-05-26T09:41:04.834729,cdn.example.com
2025-05-26T09:41:09.834729,mail.loginverify.net
2025-05-26T09:41:14.834729,ns1.loginverify.io
2025-05-26T09:41:19.834729,ns1.suspicious123.net
2025-05-26T09:41:24.834729,ftp.suspicious123.ru
2025-05-26T09:41:29.834729,ns1.mybank.com
2025-05-26T09:41:34.834729,auth.bcw1fcajfl11q9dj36anrhnoknh6i1remqbn.com
2025-05-26T09:41:39.834729,www.testsite.org
2025-05-26T09:41:44.834729,ftp.testsite.ru
2025-05-26T09:41:49.834729,mail.securedata.org
2025-05-26T09:41:54.834729,ns1.securedata.xyz
2025-05-26T09:41:59.834729,ftp.example.xyz
2025-05-26T09:42:04.834729,www.example.io
2025-05-26T09:42:09.834729,mail.suspicious123.com
2025-05-26T09:42:14.834729,cdn.mybank.com
2025-05-26T09:42:19.834729,www.testsite.xyz
2025-05-26T09:42:24.834729,ns1.loginverify.com
2025-05-26T09:42:29.834729,www.loginverify.com
2025-05-26T09:42:34.834729,cdn.mybank.net
2025-05-26T09:42:39.834729,cdn.loginverify.net
2025-05-26T09:42:44.834729,cdn.loginverify.org
2025-05-26T09:42:49.834729,ns1.mybank.ru
2025-05-26T09:42:54.834729,mail.testsite.net
2025-05-26T09:42:59.834729,auth.mybank.com
2025-05-26T09:43:04.834729,mail.example.com
2025-05-26T09:43:09.834729,www.example.com
2025-05-26T09:43:14.834729,ftp.mybank.org
2025-05-26T09:43:19.834729,mail.loginverify.org
2025-05-26T09:43:24.834729,ftp.securedata.net
2025-05-26T09:43:29.834729,www.loginverify.net
2025-05-26T09:43:34.834729,ns1.testsite.org
2025-05-26T09:43:39.834729,ns1.example.net
2025-05-26T09:43:44.834729,ftp.loginverify.io
2025-05-26T09:43:49.834729,cdn.securedata.org
2025-05-26T09:43:54.834729,ftp.securedata.io
2025-05-26T09:43:59.834729,cdn.suspicious123.io
2025-05-26T09:44:04.834729,auth.suspicious123.xyz
2025-05-26T09:44:09.834729,cdn.securedata.com
2025-05-26T09:44:14.834729,ns1.example.net
2025-05-26T09:44:19.834729,www.example.xyz
2025-05-26T09:44:24.834729,mail.suspicious123.org
2025-05-26T09:44:29.834729,ftp.example.io
2025-05-26T09:44:34.834729,www.example.xyz
2025-05-26T09:44:39.834729,auth.856dm4q6umv9f9zvddlnhj1.io
2025-05-26T09:44:44.834729,auth.securedata.org
2025-05-26T09:44:49.834729,auth.example.com
2025-05-26T09:44:54.834729,ftp.mybank.io
2025-05-26T09:44:59.834729,ftp.example.io
2025-05-26T09:45:04.834729,www.example.ru
2025-05-26T09:45:09.834729,cdn.mybank.com
2025-05-26T09:45:14.834729,ftp.qln4l2tvtov2vq5x3eble0j79if7cqav.io
2025-05-26T09:45:19.834729,www.testsite.org
2025-05-26T09:45:24.834729,auth.suspicious123.org
2025-05-26T09:45:29.834729,www.example.ru
2025-05-26T09:45:34.834729,www.testsite.io
2025-05-26T09:45:39.834729,mail.mybank.ru
2025-05-26T09:45:44.834729,ftp.loginverify.com
2025-05-26T09:45:49.834729,mail.example.io
2025-05-26T09:45:54.834729,ns1.securedata.net
2025-05-26T09:45:59.834729,www.mybank.io
2025-05-26T09:46:04.834729,mail.mybank.ru
2025-05-26T09:46:09.834729,auth.testsite.ru
2025-05-26T09:46:14.834729,cdn.testsite.org
2025-05-26T09:46:19.834729,ns1.mybank.com
2025-05-26T09:46:24.834729,cdn.suspicious123.org
2025-05-26T09:46:29.834729,ns1.mybank.ru
2025-05-26T09:46:34.834729,mail.example.io
2025-05-26T09:46:39.834729,cdn.securedata.xyz
2025-05-26T09:46:44.834729,ftp.mybank.ru
2025-05-26T09:46:49.834729,cdn.testsite.com
2025-05-26T09:46:54.834729,www.b1g2q0yotqe19hjmym2g79.org
2025-05-26T09:46:59.834729,ns1.loginverify.xyz
2025-05-26T09:47:04.834729,auth.securedata.xyz
2025-05-26T09:47:09.834729,www.loginverify.io
2025-05-26T09:47:14.834729,cdn.example.com
2025-05-26T09:47:19.834729,cdn.securedata.net
2025-05-26T09:47:24.834729,cdn.mybank.ru
2025-05-26T09:47:29.834729,auth.example.io
2025-05-26T09:47:34.834729,auth.securedata.com
2025-05-26T09:47:39.834729,auth.loginverify.net
2025-05-26T09:47:44.834729,ftp.mybank.com
2025-05-26T09:47:49.834729,www.example.com
2025-05-26T09:47:54.834729,cdn.testsite.net
2025-05-26T09:47:59.834729,ftp.testsite.com
2025-05-26T09:48:04.834729,mail.mybank.ru
2025-05-26T09:48:09.834729,ftp.testsite.ru
2025-05-26T09:48:14.834729,cdn.securedata.io
2025-05-26T09:48:19.834729,cdn.example.net
2025-05-26T09:48:24.834729,ftp.testsite.net
2025-05-26T09:48:29.834729,mail.del8xt2i8rk9hh7her9i5.ru
2025-05-26T09:48:34.834729,ftp.testsite.com
2025-05-26T09:48:39.834729,cdn.loginverify.ru
2025-05-26T09:48:44.834729,www.example.xyz
2025-05-26T09:48:49.834729,ftp.mybank.org
2025-05-26T09:48:54.834729,ns1.securedata.org
2025-05-26T09:48:59.834729,ns1.suspicious123.xyz
2025-05-26T09:49:04.834729,ftp.suspicious123.xyz
2025-05-26T09:49:09.834729,cdn.loginverify.xyz
2025-05-26T09:49:14.834729,auth.suspicious123.net
2025-05-26T09:49:19.834729,auth.suspicious123.ru
2025-05-26T09:49:24.834729,ftp.testsite.xyz
2025-05-26T09:49:29.834729,auth.testsite.com
2025-05-26T09:49:34.834729,ftp.loginverify.xyz
2025-05-26T09:49:39.834729,ftp.testsite.io
2025-05-26T09:49:44.834729,mail.suspicious123.org
2025-05-26T09:49:49.834729,ns1.mybank.net
2025-05-26T09:49:54.834729,auth.testsite.net
2025-05-26T09:49:59.834729,cdn.loginverify.xyz
2025-05-26T09:50:04.834729,mail.suspicious123.net
2025-05-26T09:50:09.834729,auth.securedata.com
2025-05-26T09:50:14.834729,auth.loginverify.xyz
2025-05-26T09:50:19.834729,mail.mybank.xyz
2025-05-26T09:50:24.834729,auth.testsite.io
2025-05-26T09:50:29.834729,www.suspicious123.io
2025-05-26T09:50:34.834729,ns1.mybank.com
2025-05-26T09:50:39.834729,ns1.mybank.ru
2025-05-26T09:50:44.834729,mail.suspicious123.org
2025-05-26T09:50:49.834729,ftp.loginverify.ru
2025-05-26T09:50:54.834729,ftp.loginverify.com
2025-05-26T09:50:59.834729,ns1.example.net
2025-05-26T09:51:04.834729,mail.example.com
2025-05-26T09:51:09.834729,cdn.suspicious123.org
2025-05-26T09:51:14.834729,ftp.suspicious123.ru
2025-05-26T09:51:19.834729,mail.suspicious123.net
2025-05-26T09:51:24.834729,auth.loginverify.net
2025-05-26T09:51:29.834729,mail.mybank.org
2025-05-26T09:51:34.834729,mail.suspicious123.net
2025-05-26T09:51:39.834729,www.mybank.ru
2025-05-26T09:51:44.834729,ns1.suspicious123.org
2025-05-26T09:51:49.834729,www.testsite.com
2025-05-26T09:51:54.834729,www.example.io
2025-05-26T09:51:59.834729,cdn.6m30b9yzsjx4uk5q4ghderlqh45qwa7uc9rllv.org
2025-05-26T09:52:04.834729,cdn.example.com
